"OBJECTID","ID_0","ISO","NAME_0","ID_1","NAME_1","ID_2","NAME_2","TYPE_2","ENGTYPE_2","NL_NAME_2","VARNAME_2"
1,211,"ZAF","South Africa",1,"Eastern Cape",1,"Aberdeen","Magisterial District","Magisterial District",NA,NA
2,211,"ZAF","South Africa",1,"Eastern Cape",2,"Adelaide","Magisterial District","Magisterial District",NA,NA
3,211,"ZAF","South Africa",1,"Eastern Cape",3,"Albany","Magisterial District","Magisterial District",NA,NA
4,211,"ZAF","South Africa",1,"Eastern Cape",4,"Albert","Magisterial District","Magisterial District",NA,NA
5,211,"ZAF","South Africa",1,"Eastern Cape",5,"Alexandria","Magisterial District","Magisterial District",NA,NA
6,211,"ZAF","South Africa",1,"Eastern Cape",6,"Aliwal North","Magisterial District","Magisterial District",NA,NA
7,211,"ZAF","South Africa",1,"Eastern Cape",7,"Barkly East","Magisterial District","Magisterial District",NA,NA
8,211,"ZAF","South Africa",1,"Eastern Cape",8,"Bathurst","Magisterial District","Magisterial District",NA,NA
9,211,"ZAF","South Africa",1,"Eastern Cape",9,"Bedford","Magisterial District","Magisterial District",NA,NA
10,211,"ZAF","South Africa",1,"Eastern Cape",10,"Bizana","Magisterial District","Magisterial District",NA,NA
11,211,"ZAF","South Africa",1,"Eastern Cape",11,"Butterworth","Magisterial District","Magisterial District",NA,NA
12,211,"ZAF","South Africa",1,"Eastern Cape",12,"Cala","Magisterial District","Magisterial District",NA,NA
13,211,"ZAF","South Africa",1,"Eastern Cape",13,"Cathcart","Magisterial District","Magisterial District",NA,NA
14,211,"ZAF","South Africa",1,"Eastern Cape",14,"Cofimvaba","Magisterial District","Magisterial District",NA,NA
15,211,"ZAF","South Africa",1,"Eastern Cape",15,"Cradock","Magisterial District","Magisterial District",NA,NA
16,211,"ZAF","South Africa",1,"Eastern Cape",16,"East London","Magisterial District","Magisterial District",NA,NA
17,211,"ZAF","South Africa",1,"Eastern Cape",17,"Elliotdale","Magisterial District","Magisterial District",NA,NA
18,211,"ZAF","South Africa",1,"Eastern Cape",18,"Elliot","Magisterial District","Magisterial District",NA,NA
19,211,"ZAF","South Africa",1,"Eastern Cape",19,"Engcobo","Magisterial District","Magisterial District",NA,NA
20,211,"ZAF","South Africa",1,"Eastern Cape",20,"Flagstaff","Magisterial District","Magisterial District",NA,NA
21,211,"ZAF","South Africa",1,"Eastern Cape",21,"Fort Beaufort","Magisterial District","Magisterial District",NA,NA
22,211,"ZAF","South Africa",1,"Eastern Cape",22,"Graaff-Reinet","Magisterial District","Magisterial District",NA,NA
23,211,"ZAF","South Africa",1,"Eastern Cape",23,"Hankey","Magisterial District","Magisterial District",NA,NA
24,211,"ZAF","South Africa",1,"Eastern Cape",24,"Hewu","Magisterial District","Magisterial District",NA,NA
25,211,"ZAF","South Africa",1,"Eastern Cape",25,"Hofmeyr","Magisterial District","Magisterial District",NA,NA
26,211,"ZAF","South Africa",1,"Eastern Cape",26,"Humansdorp","Magisterial District","Magisterial District",NA,NA
27,211,"ZAF","South Africa",1,"Eastern Cape",27,"Idutywa","Magisterial District","Magisterial District",NA,NA
28,211,"ZAF","South Africa",1,"Eastern Cape",28,"Indwe","Magisterial District","Magisterial District",NA,NA
29,211,"ZAF","South Africa",1,"Eastern Cape",29,"Jansenville","Magisterial District","Magisterial District",NA,NA
30,211,"ZAF","South Africa",1,"Eastern Cape",30,"Joubertina","Magisterial District","Magisterial District",NA,NA
31,211,"ZAF","South Africa",1,"Eastern Cape",31,"Keiskammahoek","Magisterial District","Magisterial District",NA,NA
32,211,"ZAF","South Africa",1,"Eastern Cape",32,"Kentani","Magisterial District","Magisterial District",NA,NA
33,211,"ZAF","South Africa",1,"Eastern Cape",33,"King William's  Town","Magisterial District","Magisterial District",NA,NA
34,211,"ZAF","South Africa",1,"Eastern Cape",34,"Kirkwood","Magisterial District","Magisterial District",NA,NA
35,211,"ZAF","South Africa",1,"Eastern Cape",35,"Komga","Magisterial District","Magisterial District",NA,NA
36,211,"ZAF","South Africa",1,"Eastern Cape",36,"Lady Frere","Magisterial District","Magisterial District",NA,NA
37,211,"ZAF","South Africa",1,"Eastern Cape",37,"Lady Grey","Magisterial District","Magisterial District",NA,NA
38,211,"ZAF","South Africa",1,"Eastern Cape",38,"Libode","Magisterial District","Magisterial District",NA,NA
39,211,"ZAF","South Africa",1,"Eastern Cape",39,"Lusikisiki","Magisterial District","Magisterial District",NA,NA
40,211,"ZAF","South Africa",1,"Eastern Cape",40,"Maclear","Magisterial District","Magisterial District",NA,NA
41,211,"ZAF","South Africa",1,"Eastern Cape",41,"Maluti","Magisterial District","Magisterial District",NA,NA
42,211,"ZAF","South Africa",1,"Eastern Cape",42,"Mdantsane","Magisterial District","Magisterial District",NA,NA
43,211,"ZAF","South Africa",1,"Eastern Cape",43,"Middelburg","Magisterial District","Magisterial District",NA,NA
44,211,"ZAF","South Africa",1,"Eastern Cape",44,"Middledrift","Magisterial District","Magisterial District",NA,NA
45,211,"ZAF","South Africa",1,"Eastern Cape",45,"Molteno","Magisterial District","Magisterial District",NA,NA
46,211,"ZAF","South Africa",1,"Eastern Cape",46,"Mpofu","Magisterial District","Magisterial District",NA,NA
47,211,"ZAF","South Africa",1,"Eastern Cape",47,"Mqanduli","Magisterial District","Magisterial District",NA,NA
48,211,"ZAF","South Africa",1,"Eastern Cape",48,"Mt  Fletcher","Magisterial District","Magisterial District",NA,NA
49,211,"ZAF","South Africa",1,"Eastern Cape",49,"Mt Ayliff","Magisterial District","Magisterial District",NA,NA
50,211,"ZAF","South Africa",1,"Eastern Cape",50,"Mt Frere","Magisterial District","Magisterial District",NA,NA
51,211,"ZAF","South Africa",1,"Eastern Cape",51,"Ngqueleni","Magisterial District","Magisterial District",NA,NA
52,211,"ZAF","South Africa",1,"Eastern Cape",52,"Nqamakwe","Magisterial District","Magisterial District",NA,NA
53,211,"ZAF","South Africa",1,"Eastern Cape",53,"Ntabethemba","Magisterial District","Magisterial District",NA,NA
54,211,"ZAF","South Africa",1,"Eastern Cape",54,"Pearston","Magisterial District","Magisterial District",NA,NA
55,211,"ZAF","South Africa",1,"Eastern Cape",55,"Peddie","Magisterial District","Magisterial District",NA,NA
56,211,"ZAF","South Africa",1,"Eastern Cape",56,"Port Elizabeth","Magisterial District","Magisterial District",NA,NA
57,211,"ZAF","South Africa",1,"Eastern Cape",57,"Port St Johns","Magisterial District","Magisterial District",NA,NA
58,211,"ZAF","South Africa",1,"Eastern Cape",58,"Queenstown","Magisterial District","Magisterial District",NA,NA
59,211,"ZAF","South Africa",1,"Eastern Cape",59,"Qumbu","Magisterial District","Magisterial District",NA,NA
60,211,"ZAF","South Africa",1,"Eastern Cape",60,"Somerset East","Magisterial District","Magisterial District",NA,NA
61,211,"ZAF","South Africa",1,"Eastern Cape",61,"Sterkspruit","Magisterial District","Magisterial District",NA,NA
62,211,"ZAF","South Africa",1,"Eastern Cape",62,"Sterkstroom","Magisterial District","Magisterial District",NA,NA
63,211,"ZAF","South Africa",1,"Eastern Cape",63,"Steynsburg","Magisterial District","Magisterial District",NA,NA
64,211,"ZAF","South Africa",1,"Eastern Cape",64,"Steytlerville","Magisterial District","Magisterial District",NA,NA
65,211,"ZAF","South Africa",1,"Eastern Cape",65,"Stutterheim","Magisterial District","Magisterial District",NA,NA
66,211,"ZAF","South Africa",1,"Eastern Cape",66,"Tabankulu","Magisterial District","Magisterial District",NA,NA
67,211,"ZAF","South Africa",1,"Eastern Cape",67,"Tarka","Magisterial District","Magisterial District",NA,NA
68,211,"ZAF","South Africa",1,"Eastern Cape",68,"Tsolo","Magisterial District","Magisterial District",NA,NA
69,211,"ZAF","South Africa",1,"Eastern Cape",69,"Tsomo","Magisterial District","Magisterial District",NA,NA
70,211,"ZAF","South Africa",1,"Eastern Cape",70,"Uitenhage","Magisterial District","Magisterial District",NA,NA
71,211,"ZAF","South Africa",1,"Eastern Cape",71,"Umtata","Magisterial District","Magisterial District",NA,NA
72,211,"ZAF","South Africa",1,"Eastern Cape",72,"Venterstad","Magisterial District","Magisterial District",NA,NA
73,211,"ZAF","South Africa",1,"Eastern Cape",73,"Victoria East","Magisterial District","Magisterial District",NA,NA
74,211,"ZAF","South Africa",1,"Eastern Cape",74,"Willowmore","Magisterial District","Magisterial District",NA,NA
75,211,"ZAF","South Africa",1,"Eastern Cape",75,"Willowvale","Magisterial District","Magisterial District",NA,NA
76,211,"ZAF","South Africa",1,"Eastern Cape",76,"Wodehouse","Magisterial District","Magisterial District",NA,NA
77,211,"ZAF","South Africa",1,"Eastern Cape",77,"Zwelitsha","Magisterial District","Magisterial District",NA,NA
78,211,"ZAF","South Africa",2,"Free State",78,"Bethlehem","Magisterial District","Magisterial District",NA,NA
79,211,"ZAF","South Africa",2,"Free State",79,"Bethulie","Magisterial District","Magisterial District",NA,NA
80,211,"ZAF","South Africa",2,"Free State",80,"Bloemfontein","Magisterial District","Magisterial District",NA,NA
81,211,"ZAF","South Africa",2,"Free State",81,"Boshof","Magisterial District","Magisterial District",NA,NA
82,211,"ZAF","South Africa",2,"Free State",82,"Bothaville","Magisterial District","Magisterial District",NA,NA
83,211,"ZAF","South Africa",2,"Free State",83,"Botshabelo","Magisterial District","Magisterial District",NA,NA
84,211,"ZAF","South Africa",2,"Free State",84,"Brandfort","Magisterial District","Magisterial District",NA,NA
85,211,"ZAF","South Africa",2,"Free State",85,"Bultfontein","Magisterial District","Magisterial District",NA,NA
86,211,"ZAF","South Africa",2,"Free State",86,"Clocolan","Magisterial District","Magisterial District",NA,NA
87,211,"ZAF","South Africa",2,"Free State",87,"Dewetsdorp","Magisterial District","Magisterial District",NA,NA
88,211,"ZAF","South Africa",2,"Free State",88,"Edenburg","Magisterial District","Magisterial District",NA,NA
89,211,"ZAF","South Africa",2,"Free State",89,"Excelsior","Magisterial District","Magisterial District",NA,NA
90,211,"ZAF","South Africa",2,"Free State",90,"Fauresmith","Magisterial District","Magisterial District",NA,NA
91,211,"ZAF","South Africa",2,"Free State",91,"Ficksburg","Magisterial District","Magisterial District",NA,NA
92,211,"ZAF","South Africa",2,"Free State",92,"Fouriesburg","Magisterial District","Magisterial District",NA,NA
93,211,"ZAF","South Africa",2,"Free State",93,"Frankfort","Magisterial District","Magisterial District",NA,NA
94,211,"ZAF","South Africa",2,"Free State",94,"Harrismith","Magisterial District","Magisterial District",NA,NA
95,211,"ZAF","South Africa",2,"Free State",95,"Heilbron","Magisterial District","Magisterial District",NA,NA
96,211,"ZAF","South Africa",2,"Free State",96,"Hennenman","Magisterial District","Magisterial District",NA,NA
97,211,"ZAF","South Africa",2,"Free State",97,"Hoopstad","Magisterial District","Magisterial District",NA,NA
98,211,"ZAF","South Africa",2,"Free State",98,"Jacobsdal","Magisterial District","Magisterial District",NA,NA
99,211,"ZAF","South Africa",2,"Free State",99,"Jagersfontein","Magisterial District","Magisterial District",NA,NA
100,211,"ZAF","South Africa",2,"Free State",100,"Koffiefontein","Magisterial District","Magisterial District",NA,NA
101,211,"ZAF","South Africa",2,"Free State",101,"Koppies","Magisterial District","Magisterial District",NA,NA
102,211,"ZAF","South Africa",2,"Free State",102,"Kroonstad","Magisterial District","Magisterial District",NA,NA
103,211,"ZAF","South Africa",2,"Free State",103,"Ladybrand","Magisterial District","Magisterial District",NA,NA
104,211,"ZAF","South Africa",2,"Free State",104,"Lindley","Magisterial District","Magisterial District",NA,NA
105,211,"ZAF","South Africa",2,"Free State",105,"Marquard","Magisterial District","Magisterial District",NA,NA
106,211,"ZAF","South Africa",2,"Free State",106,"Odendaalsrus","Magisterial District","Magisterial District",NA,NA
107,211,"ZAF","South Africa",2,"Free State",107,"Parys","Magisterial District","Magisterial District",NA,NA
108,211,"ZAF","South Africa",2,"Free State",108,"Petrusburg","Magisterial District","Magisterial District",NA,NA
109,211,"ZAF","South Africa",2,"Free State",109,"Philippolis","Magisterial District","Magisterial District",NA,NA
110,211,"ZAF","South Africa",2,"Free State",110,"Reddersburg","Magisterial District","Magisterial District",NA,NA
111,211,"ZAF","South Africa",2,"Free State",111,"Reitz","Magisterial District","Magisterial District",NA,NA
112,211,"ZAF","South Africa",2,"Free State",112,"Rouxville","Magisterial District","Magisterial District",NA,NA
113,211,"ZAF","South Africa",2,"Free State",113,"Sasolburg","Magisterial District","Magisterial District",NA,NA
114,211,"ZAF","South Africa",2,"Free State",114,"Senekal","Magisterial District","Magisterial District",NA,NA
115,211,"ZAF","South Africa",2,"Free State",115,"Smithfield","Magisterial District","Magisterial District",NA,NA
116,211,"ZAF","South Africa",2,"Free State",116,"Thaba'Nchu","Magisterial District","Magisterial District",NA,NA
117,211,"ZAF","South Africa",2,"Free State",117,"Theunissen","Magisterial District","Magisterial District",NA,NA
118,211,"ZAF","South Africa",2,"Free State",118,"Trompsburg","Magisterial District","Magisterial District",NA,NA
119,211,"ZAF","South Africa",2,"Free State",119,"Ventersburg","Magisterial District","Magisterial District",NA,NA
120,211,"ZAF","South Africa",2,"Free State",120,"Viljoenskroon","Magisterial District","Magisterial District",NA,NA
121,211,"ZAF","South Africa",2,"Free State",121,"Virginia","Magisterial District","Magisterial District",NA,NA
122,211,"ZAF","South Africa",2,"Free State",122,"Vredefort","Magisterial District","Magisterial District",NA,NA
123,211,"ZAF","South Africa",2,"Free State",123,"Vrede","Magisterial District","Magisterial District",NA,NA
124,211,"ZAF","South Africa",2,"Free State",124,"Welkom","Magisterial District","Magisterial District",NA,NA
125,211,"ZAF","South Africa",2,"Free State",125,"Wepener","Magisterial District","Magisterial District",NA,NA
126,211,"ZAF","South Africa",2,"Free State",126,"Wesselsbron","Magisterial District","Magisterial District",NA,NA
127,211,"ZAF","South Africa",2,"Free State",127,"Winburg","Magisterial District","Magisterial District",NA,NA
128,211,"ZAF","South Africa",2,"Free State",128,"Witsieshoek","Magisterial District","Magisterial District",NA,NA
129,211,"ZAF","South Africa",2,"Free State",129,"Zastron","Magisterial District","Magisterial District",NA,NA
130,211,"ZAF","South Africa",3,"Gauteng",130,"Alberton","Magisterial District","Magisterial District",NA,NA
131,211,"ZAF","South Africa",3,"Gauteng",131,"Benoni","Magisterial District","Magisterial District",NA,NA
132,211,"ZAF","South Africa",3,"Gauteng",132,"Boksburg","Magisterial District","Magisterial District",NA,NA
133,211,"ZAF","South Africa",3,"Gauteng",133,"Brakpan","Magisterial District","Magisterial District",NA,NA
134,211,"ZAF","South Africa",3,"Gauteng",134,"Bronkhorstspruit","Magisterial District","Magisterial District",NA,NA
135,211,"ZAF","South Africa",3,"Gauteng",135,"Cullinan","Magisterial District","Magisterial District",NA,NA
136,211,"ZAF","South Africa",3,"Gauteng",136,"Germiston","Magisterial District","Magisterial District",NA,NA
137,211,"ZAF","South Africa",3,"Gauteng",137,"Heidelberg","Magisterial District","Magisterial District",NA,NA
138,211,"ZAF","South Africa",3,"Gauteng",138,"Johannesburg","Magisterial District","Magisterial District",NA,NA
139,211,"ZAF","South Africa",3,"Gauteng",139,"Kempton Park","Magisterial District","Magisterial District",NA,NA
140,211,"ZAF","South Africa",3,"Gauteng",140,"Krugersdorp","Magisterial District","Magisterial District",NA,NA
141,211,"ZAF","South Africa",3,"Gauteng",141,"Nigel","Magisterial District","Magisterial District",NA,NA
142,211,"ZAF","South Africa",3,"Gauteng",142,"Oberholzer","Magisterial District","Magisterial District",NA,NA
143,211,"ZAF","South Africa",3,"Gauteng",143,"Pretoria","Magisterial District","Magisterial District",NA,NA
144,211,"ZAF","South Africa",3,"Gauteng",144,"Randburg","Magisterial District","Magisterial District",NA,NA
145,211,"ZAF","South Africa",3,"Gauteng",145,"Randfontein","Magisterial District","Magisterial District",NA,NA
146,211,"ZAF","South Africa",3,"Gauteng",146,"Roodepoort","Magisterial District","Magisterial District",NA,NA
147,211,"ZAF","South Africa",3,"Gauteng",147,"Soshanguve","Magisterial District","Magisterial District",NA,NA
148,211,"ZAF","South Africa",3,"Gauteng",148,"Soweto","Magisterial District","Magisterial District",NA,NA
149,211,"ZAF","South Africa",3,"Gauteng",149,"Springs","Magisterial District","Magisterial District",NA,NA
150,211,"ZAF","South Africa",3,"Gauteng",150,"Vanderbijlpark","Magisterial District","Magisterial District",NA,NA
151,211,"ZAF","South Africa",3,"Gauteng",151,"Vereeniging","Magisterial District","Magisterial District",NA,NA
152,211,"ZAF","South Africa",3,"Gauteng",152,"Westonaria","Magisterial District","Magisterial District",NA,NA
153,211,"ZAF","South Africa",3,"Gauteng",153,"Wonderboom","Magisterial District","Magisterial District",NA,NA
154,211,"ZAF","South Africa",4,"KwaZulu-Natal",154,"Alfred","Magisterial District","Magisterial District",NA,NA
155,211,"ZAF","South Africa",4,"KwaZulu-Natal",155,"Babanango","Magisterial District","Magisterial District",NA,NA
156,211,"ZAF","South Africa",4,"KwaZulu-Natal",156,"Bergville","Magisterial District","Magisterial District",NA,NA
157,211,"ZAF","South Africa",4,"KwaZulu-Natal",157,"Camperdown","Magisterial District","Magisterial District",NA,NA
158,211,"ZAF","South Africa",4,"KwaZulu-Natal",158,"Chatswoth","Magisterial District","Magisterial District",NA,NA
159,211,"ZAF","South Africa",4,"KwaZulu-Natal",159,"Dannhauser","Magisterial District","Magisterial District",NA,NA
160,211,"ZAF","South Africa",4,"KwaZulu-Natal",160,"Dundee","Magisterial District","Magisterial District",NA,NA
161,211,"ZAF","South Africa",4,"KwaZulu-Natal",161,"Durban","Magisterial District","Magisterial District",NA,NA
162,211,"ZAF","South Africa",4,"KwaZulu-Natal",162,"Eshowe","Magisterial District","Magisterial District",NA,NA
163,211,"ZAF","South Africa",4,"KwaZulu-Natal",163,"Estcourt","Magisterial District","Magisterial District",NA,NA
164,211,"ZAF","South Africa",4,"KwaZulu-Natal",164,"Glencoe","Magisterial District","Magisterial District",NA,NA
165,211,"ZAF","South Africa",4,"KwaZulu-Natal",165,"Hlabisa","Magisterial District","Magisterial District",NA,NA
166,211,"ZAF","South Africa",4,"KwaZulu-Natal",166,"Impendle","Magisterial District","Magisterial District",NA,NA
167,211,"ZAF","South Africa",4,"KwaZulu-Natal",167,"Inanda","Magisterial District","Magisterial District",NA,NA
168,211,"ZAF","South Africa",4,"KwaZulu-Natal",168,"Ingwavuma","Magisterial District","Magisterial District",NA,NA
169,211,"ZAF","South Africa",4,"KwaZulu-Natal",169,"Ixopo","Magisterial District","Magisterial District",NA,NA
170,211,"ZAF","South Africa",4,"KwaZulu-Natal",170,"Kliprivier","Magisterial District","Magisterial District",NA,NA
171,211,"ZAF","South Africa",4,"KwaZulu-Natal",171,"Kranskop","Magisterial District","Magisterial District",NA,NA
172,211,"ZAF","South Africa",4,"KwaZulu-Natal",172,"Lions River","Magisterial District","Magisterial District",NA,NA
173,211,"ZAF","South Africa",4,"KwaZulu-Natal",173,"Lower Tugela","Magisterial District","Magisterial District",NA,NA
174,211,"ZAF","South Africa",4,"KwaZulu-Natal",174,"Lower Umfolozi","Magisterial District","Magisterial District",NA,NA
175,211,"ZAF","South Africa",4,"KwaZulu-Natal",175,"Mapumulo","Magisterial District","Magisterial District",NA,NA
176,211,"ZAF","South Africa",4,"KwaZulu-Natal",176,"Mhlabathini","Magisterial District","Magisterial District",NA,NA
177,211,"ZAF","South Africa",4,"KwaZulu-Natal",177,"Mooi","Magisterial District","Magisterial District",NA,NA
178,211,"ZAF","South Africa",4,"KwaZulu-Natal",178,"Mount Currie","Magisterial District","Magisterial District",NA,NA
179,211,"ZAF","South Africa",4,"KwaZulu-Natal",179,"Msinga","Magisterial District","Magisterial District",NA,NA
180,211,"ZAF","South Africa",4,"KwaZulu-Natal",180,"Mthonjaneni","Magisterial District","Magisterial District",NA,NA
181,211,"ZAF","South Africa",4,"KwaZulu-Natal",181,"Mtunzini","Magisterial District","Magisterial District",NA,NA
182,211,"ZAF","South Africa",4,"KwaZulu-Natal",182,"Ndwedwe","Magisterial District","Magisterial District",NA,NA
183,211,"ZAF","South Africa",4,"KwaZulu-Natal",183,"New Hanover","Magisterial District","Magisterial District",NA,NA
184,211,"ZAF","South Africa",4,"KwaZulu-Natal",184,"Newcastle","Magisterial District","Magisterial District",NA,NA
185,211,"ZAF","South Africa",4,"KwaZulu-Natal",185,"Ngotshe","Magisterial District","Magisterial District",NA,NA
186,211,"ZAF","South Africa",4,"KwaZulu-Natal",186,"Nkandla","Magisterial District","Magisterial District",NA,NA
187,211,"ZAF","South Africa",4,"KwaZulu-Natal",187,"Nongoma","Magisterial District","Magisterial District",NA,NA
188,211,"ZAF","South Africa",4,"KwaZulu-Natal",188,"Nqutu","Magisterial District","Magisterial District",NA,NA
189,211,"ZAF","South Africa",4,"KwaZulu-Natal",189,"Paulpietersburg","Magisterial District","Magisterial District",NA,NA
190,211,"ZAF","South Africa",4,"KwaZulu-Natal",190,"Pietermaritzburg","Magisterial District","Magisterial District",NA,NA
191,211,"ZAF","South Africa",4,"KwaZulu-Natal",191,"Pinetown","Magisterial District","Magisterial District",NA,NA
192,211,"ZAF","South Africa",4,"KwaZulu-Natal",192,"Polela","Magisterial District","Magisterial District",NA,NA
193,211,"ZAF","South Africa",4,"KwaZulu-Natal",193,"Port Shepstone","Magisterial District","Magisterial District",NA,NA
194,211,"ZAF","South Africa",4,"KwaZulu-Natal",194,"Richmond","Magisterial District","Magisterial District",NA,NA
195,211,"ZAF","South Africa",4,"KwaZulu-Natal",195,"Simdlangentsha","Magisterial District","Magisterial District",NA,NA
196,211,"ZAF","South Africa",4,"KwaZulu-Natal",196,"Ubombo","Magisterial District","Magisterial District",NA,NA
197,211,"ZAF","South Africa",4,"KwaZulu-Natal",197,"Umbumbulu","Magisterial District","Magisterial District",NA,NA
198,211,"ZAF","South Africa",4,"KwaZulu-Natal",198,"Umlazi","Magisterial District","Magisterial District",NA,NA
199,211,"ZAF","South Africa",4,"KwaZulu-Natal",199,"Umvoti","Magisterial District","Magisterial District",NA,NA
200,211,"ZAF","South Africa",4,"KwaZulu-Natal",200,"Umzimkulu","Magisterial District","Magisterial District",NA,NA
201,211,"ZAF","South Africa",4,"KwaZulu-Natal",201,"Umzinto","Magisterial District","Magisterial District",NA,NA
202,211,"ZAF","South Africa",4,"KwaZulu-Natal",202,"Underberg","Magisterial District","Magisterial District",NA,NA
203,211,"ZAF","South Africa",4,"KwaZulu-Natal",203,"Utrecht","Magisterial District","Magisterial District",NA,NA
204,211,"ZAF","South Africa",4,"KwaZulu-Natal",204,"Vryheid","Magisterial District","Magisterial District",NA,NA
205,211,"ZAF","South Africa",4,"KwaZulu-Natal",205,"Weenen","Magisterial District","Magisterial District",NA,NA
206,211,"ZAF","South Africa",5,"Limpopo",206,"Bochum","Magisterial District","Magisterial District",NA,NA
207,211,"ZAF","South Africa",5,"Limpopo",207,"Bolobedu","Magisterial District","Magisterial District",NA,NA
208,211,"ZAF","South Africa",5,"Limpopo",208,"Dzanani","Magisterial District","Magisterial District",NA,NA
209,211,"ZAF","South Africa",5,"Limpopo",209,"Ellisras","Magisterial District","Magisterial District",NA,NA
210,211,"ZAF","South Africa",5,"Limpopo",210,"Giyani","Magisterial District","Magisterial District",NA,NA
211,211,"ZAF","South Africa",5,"Limpopo",211,"Hlanganani","Magisterial District","Magisterial District",NA,NA
212,211,"ZAF","South Africa",5,"Limpopo",212,"Letaba","Magisterial District","Magisterial District",NA,NA
213,211,"ZAF","South Africa",5,"Limpopo",213,"Lulekani","Magisterial District","Magisterial District",NA,NA
214,211,"ZAF","South Africa",5,"Limpopo",214,"Malamulela","Magisterial District","Magisterial District",NA,NA
215,211,"ZAF","South Africa",5,"Limpopo",215,"Mapulaneng","Magisterial District","Magisterial District",NA,NA
216,211,"ZAF","South Africa",5,"Limpopo",216,"Messina","Magisterial District","Magisterial District",NA,NA
217,211,"ZAF","South Africa",5,"Limpopo",217,"Mhala","Magisterial District","Magisterial District",NA,NA
218,211,"ZAF","South Africa",5,"Limpopo",218,"Mokerong","Magisterial District","Magisterial District",NA,NA
219,211,"ZAF","South Africa",5,"Limpopo",219,"Mutali","Magisterial District","Magisterial District",NA,NA
220,211,"ZAF","South Africa",5,"Limpopo",220,"Namakgale","Magisterial District","Magisterial District",NA,NA
221,211,"ZAF","South Africa",5,"Limpopo",221,"Naphuno","Magisterial District","Magisterial District",NA,NA
222,211,"ZAF","South Africa",5,"Limpopo",222,"Nebo","Magisterial District","Magisterial District",NA,NA
223,211,"ZAF","South Africa",5,"Limpopo",223,"Phalaborwa","Magisterial District","Magisterial District",NA,NA
224,211,"ZAF","South Africa",5,"Limpopo",224,"Pietersburg","Magisterial District","Magisterial District",NA,NA
225,211,"ZAF","South Africa",5,"Limpopo",225,"Potgietersrus","Magisterial District","Magisterial District",NA,NA
226,211,"ZAF","South Africa",5,"Limpopo",226,"Ritavi","Magisterial District","Magisterial District",NA,NA
227,211,"ZAF","South Africa",5,"Limpopo",227,"Sekgosese","Magisterial District","Magisterial District",NA,NA
228,211,"ZAF","South Africa",5,"Limpopo",228,"Sekhukhuneland","Magisterial District","Magisterial District",NA,NA
229,211,"ZAF","South Africa",5,"Limpopo",229,"Seshego","Magisterial District","Magisterial District",NA,NA
230,211,"ZAF","South Africa",5,"Limpopo",230,"Soutpansberg","Magisterial District","Magisterial District",NA,NA
231,211,"ZAF","South Africa",5,"Limpopo",231,"Thabamoopo","Magisterial District","Magisterial District",NA,NA
232,211,"ZAF","South Africa",5,"Limpopo",232,"Thabazimbi","Magisterial District","Magisterial District",NA,NA
233,211,"ZAF","South Africa",5,"Limpopo",233,"Thohoyandou","Magisterial District","Magisterial District",NA,NA
234,211,"ZAF","South Africa",5,"Limpopo",234,"Vuwani","Magisterial District","Magisterial District",NA,NA
235,211,"ZAF","South Africa",5,"Limpopo",235,"Warmbad","Magisterial District","Magisterial District",NA,NA
236,211,"ZAF","South Africa",5,"Limpopo",236,"Waterberg","Magisterial District","Magisterial District",NA,NA
237,211,"ZAF","South Africa",6,"Mpumalanga",237,"Amersfoort","Magisterial District","Magisterial District",NA,NA
238,211,"ZAF","South Africa",6,"Mpumalanga",238,"Balfour","Magisterial District","Magisterial District",NA,NA
239,211,"ZAF","South Africa",6,"Mpumalanga",239,"Barberton","Magisterial District","Magisterial District",NA,NA
240,211,"ZAF","South Africa",6,"Mpumalanga",240,"Belfast","Magisterial District","Magisterial District",NA,NA
241,211,"ZAF","South Africa",6,"Mpumalanga",241,"Bethal","Magisterial District","Magisterial District",NA,NA
242,211,"ZAF","South Africa",6,"Mpumalanga",242,"Carolina","Magisterial District","Magisterial District",NA,NA
243,211,"ZAF","South Africa",6,"Mpumalanga",243,"Delmas","Magisterial District","Magisterial District",NA,NA
244,211,"ZAF","South Africa",6,"Mpumalanga",244,"Eerstehoek","Magisterial District","Magisterial District",NA,NA
245,211,"ZAF","South Africa",6,"Mpumalanga",245,"Ermelo","Magisterial District","Magisterial District",NA,NA
246,211,"ZAF","South Africa",6,"Mpumalanga",246,"Groblersdal","Magisterial District","Magisterial District",NA,NA
247,211,"ZAF","South Africa",6,"Mpumalanga",247,"Highveld Ridge","Magisterial District","Magisterial District",NA,NA
248,211,"ZAF","South Africa",6,"Mpumalanga",248,"Kriel","Magisterial District","Magisterial District",NA,NA
249,211,"ZAF","South Africa",6,"Mpumalanga",249,"KwaMhlanga","Magisterial District","Magisterial District",NA,NA
250,211,"ZAF","South Africa",6,"Mpumalanga",250,"Lydenburg","Magisterial District","Magisterial District",NA,NA
251,211,"ZAF","South Africa",6,"Mpumalanga",251,"Mbibana","Magisterial District","Magisterial District",NA,NA
252,211,"ZAF","South Africa",6,"Mpumalanga",252,"Mdutjana","Magisterial District","Magisterial District",NA,NA
253,211,"ZAF","South Africa",6,"Mpumalanga",253,"Middelburg","Magisterial District","Magisterial District",NA,NA
254,211,"ZAF","South Africa",6,"Mpumalanga",254,"Mkobola","Magisterial District","Magisterial District",NA,NA
255,211,"ZAF","South Africa",6,"Mpumalanga",255,"Moretele","Magisterial District","Magisterial District",NA,NA
256,211,"ZAF","South Africa",6,"Mpumalanga",256,"Moutse","Magisterial District","Magisterial District",NA,NA
257,211,"ZAF","South Africa",6,"Mpumalanga",257,"Nelspruit","Magisterial District","Magisterial District",NA,NA
258,211,"ZAF","South Africa",6,"Mpumalanga",258,"Nkomazi","Magisterial District","Magisterial District",NA,NA
259,211,"ZAF","South Africa",6,"Mpumalanga",259,"Nsikazi","Magisterial District","Magisterial District",NA,NA
260,211,"ZAF","South Africa",6,"Mpumalanga",260,"Pelgrimsrus","Magisterial District","Magisterial District",NA,NA
261,211,"ZAF","South Africa",6,"Mpumalanga",261,"Piet Retief","Magisterial District","Magisterial District",NA,NA
262,211,"ZAF","South Africa",6,"Mpumalanga",262,"Standerton","Magisterial District","Magisterial District",NA,NA
263,211,"ZAF","South Africa",6,"Mpumalanga",263,"Volksrust","Magisterial District","Magisterial District",NA,NA
264,211,"ZAF","South Africa",6,"Mpumalanga",264,"Wakkerstroom","Magisterial District","Magisterial District",NA,NA
265,211,"ZAF","South Africa",6,"Mpumalanga",265,"Waterval-Boven","Magisterial District","Magisterial District",NA,NA
266,211,"ZAF","South Africa",6,"Mpumalanga",266,"Witbank","Magisterial District","Magisterial District",NA,NA
267,211,"ZAF","South Africa",6,"Mpumalanga",267,"Witrivier","Magisterial District","Magisterial District",NA,NA
268,211,"ZAF","South Africa",7,"North West",268,"Brits","Magisterial District","Magisterial District",NA,NA
269,211,"ZAF","South Africa",7,"North West",269,"Christiana","Magisterial District","Magisterial District",NA,NA
270,211,"ZAF","South Africa",7,"North West",270,"Delareyville","Magisterial District","Magisterial District",NA,NA
271,211,"ZAF","South Africa",7,"North West",271,"Ga-Rankuwa","Magisterial District","Magisterial District",NA,NA
272,211,"ZAF","South Africa",7,"North West",272,"Huhudi","Magisterial District","Magisterial District",NA,NA
273,211,"ZAF","South Africa",7,"North West",273,"Klerksdorp","Magisterial District","Magisterial District",NA,NA
274,211,"ZAF","South Africa",7,"North West",274,"Kudumane","Magisterial District","Magisterial District",NA,NA
275,211,"ZAF","South Africa",7,"North West",275,"Lichtenburg","Magisterial District","Magisterial District",NA,NA
276,211,"ZAF","South Africa",7,"North West",276,"Madikwe","Magisterial District","Magisterial District",NA,NA
277,211,"ZAF","South Africa",7,"North West",277,"Mankwe","Magisterial District","Magisterial District",NA,NA
278,211,"ZAF","South Africa",7,"North West",278,"Mmabatho","Magisterial District","Magisterial District",NA,NA
279,211,"ZAF","South Africa",7,"North West",279,"Phokwani","Magisterial District","Magisterial District",NA,NA
280,211,"ZAF","South Africa",7,"North West",280,"Potchefstroom","Magisterial District","Magisterial District",NA,NA
281,211,"ZAF","South Africa",7,"North West",281,"Rustenburg","Magisterial District","Magisterial District",NA,NA
282,211,"ZAF","South Africa",7,"North West",282,"Schweizer-Reneke","Magisterial District","Magisterial District",NA,NA
283,211,"ZAF","South Africa",7,"North West",283,"Temba","Magisterial District","Magisterial District",NA,NA
284,211,"ZAF","South Africa",7,"North West",284,"Ventersdorp","Magisterial District","Magisterial District",NA,NA
285,211,"ZAF","South Africa",7,"North West",285,"Vryburg","Magisterial District","Magisterial District",NA,NA
286,211,"ZAF","South Africa",7,"North West",286,"Wolmaransstad","Magisterial District","Magisterial District",NA,NA
287,211,"ZAF","South Africa",8,"Northern Cape",287,"Barkly West","Magisterial District","Magisterial District",NA,NA
288,211,"ZAF","South Africa",8,"Northern Cape",288,"Britstown","Magisterial District","Magisterial District",NA,NA
289,211,"ZAF","South Africa",8,"Northern Cape",289,"Calvinia","Magisterial District","Magisterial District",NA,NA
290,211,"ZAF","South Africa",8,"Northern Cape",290,"Carnarvon","Magisterial District","Magisterial District",NA,NA
291,211,"ZAF","South Africa",8,"Northern Cape",291,"Colesberg","Magisterial District","Magisterial District",NA,NA
292,211,"ZAF","South Africa",8,"Northern Cape",292,"De Aar","Magisterial District","Magisterial District",NA,NA
293,211,"ZAF","South Africa",8,"Northern Cape",293,"Fraserburg","Magisterial District","Magisterial District",NA,NA
294,211,"ZAF","South Africa",8,"Northern Cape",294,"Gordonia","Magisterial District","Magisterial District",NA,NA
295,211,"ZAF","South Africa",8,"Northern Cape",295,"Hanover","Magisterial District","Magisterial District",NA,NA
296,211,"ZAF","South Africa",8,"Northern Cape",296,"Hartswater","Magisterial District","Magisterial District",NA,NA
297,211,"ZAF","South Africa",8,"Northern Cape",297,"Hay","Magisterial District","Magisterial District",NA,NA
298,211,"ZAF","South Africa",8,"Northern Cape",298,"Herbert","Magisterial District","Magisterial District",NA,NA
299,211,"ZAF","South Africa",8,"Northern Cape",299,"Hopetown","Magisterial District","Magisterial District",NA,NA
300,211,"ZAF","South Africa",8,"Northern Cape",300,"Kenhardt","Magisterial District","Magisterial District",NA,NA
301,211,"ZAF","South Africa",8,"Northern Cape",301,"Kimberley","Magisterial District","Magisterial District",NA,NA
302,211,"ZAF","South Africa",8,"Northern Cape",302,"Kuruman","Magisterial District","Magisterial District",NA,NA
303,211,"ZAF","South Africa",8,"Northern Cape",303,"Namakwaland","Magisterial District","Magisterial District",NA,NA
304,211,"ZAF","South Africa",8,"Northern Cape",304,"Noupoort","Magisterial District","Magisterial District",NA,NA
305,211,"ZAF","South Africa",8,"Northern Cape",305,"Philipstown","Magisterial District","Magisterial District",NA,NA
306,211,"ZAF","South Africa",8,"Northern Cape",306,"Postmasburg","Magisterial District","Magisterial District",NA,NA
307,211,"ZAF","South Africa",8,"Northern Cape",307,"Prieska","Magisterial District","Magisterial District",NA,NA
308,211,"ZAF","South Africa",8,"Northern Cape",308,"Richmond","Magisterial District","Magisterial District",NA,NA
309,211,"ZAF","South Africa",8,"Northern Cape",309,"Sutherland","Magisterial District","Magisterial District",NA,NA
310,211,"ZAF","South Africa",8,"Northern Cape",310,"Victoria-West","Magisterial District","Magisterial District",NA,NA
311,211,"ZAF","South Africa",8,"Northern Cape",311,"Warrenton","Magisterial District","Magisterial District",NA,NA
312,211,"ZAF","South Africa",8,"Northern Cape",312,"Williston","Magisterial District","Magisterial District",NA,NA
313,211,"ZAF","South Africa",9,"Western Cape (isolated islands)",313,"Prince Edward Islands","Uninhabited islands",NA,NA,NA
314,211,"ZAF","South Africa",10,"Western Cape",314,"Beaufort West","Magisterial District","Magisterial District",NA,NA
315,211,"ZAF","South Africa",10,"Western Cape",315,"Bellville","Magisterial District","Magisterial District",NA,NA
316,211,"ZAF","South Africa",10,"Western Cape",316,"Bredasdorp","Magisterial District","Magisterial District",NA,NA
317,211,"ZAF","South Africa",10,"Western Cape",317,"Caledon","Magisterial District","Magisterial District",NA,NA
318,211,"ZAF","South Africa",10,"Western Cape",318,"Calitzdorp","Magisterial District","Magisterial District",NA,NA
319,211,"ZAF","South Africa",10,"Western Cape",319,"Cape","Magisterial District","Magisterial District",NA,NA
320,211,"ZAF","South Africa",10,"Western Cape",320,"Ceres","Magisterial District","Magisterial District",NA,NA
321,211,"ZAF","South Africa",10,"Western Cape",321,"Clanwilliam","Magisterial District","Magisterial District",NA,NA
322,211,"ZAF","South Africa",10,"Western Cape",322,"George","Magisterial District","Magisterial District",NA,NA
323,211,"ZAF","South Africa",10,"Western Cape",323,"Goodwood","Magisterial District","Magisterial District",NA,NA
324,211,"ZAF","South Africa",10,"Western Cape",324,"Heidelberg","Magisterial District","Magisterial District",NA,NA
325,211,"ZAF","South Africa",10,"Western Cape",325,"Hermanus","Magisterial District","Magisterial District",NA,NA
326,211,"ZAF","South Africa",10,"Western Cape",326,"Hopefield","Magisterial District","Magisterial District",NA,NA
327,211,"ZAF","South Africa",10,"Western Cape",327,"Knysna","Magisterial District","Magisterial District",NA,NA
328,211,"ZAF","South Africa",10,"Western Cape",328,"Kuils River","Magisterial District","Magisterial District",NA,NA
329,211,"ZAF","South Africa",10,"Western Cape",329,"Ladismith","Magisterial District","Magisterial District",NA,NA
330,211,"ZAF","South Africa",10,"Western Cape",330,"Laingsburg","Magisterial District","Magisterial District",NA,NA
331,211,"ZAF","South Africa",10,"Western Cape",331,"Malmesbury","Magisterial District","Magisterial District",NA,NA
332,211,"ZAF","South Africa",10,"Western Cape",332,"Mitchells Plain","Magisterial District","Magisterial District",NA,NA
333,211,"ZAF","South Africa",10,"Western Cape",333,"Montagu","Magisterial District","Magisterial District",NA,NA
334,211,"ZAF","South Africa",10,"Western Cape",334,"Moorreesburg","Magisterial District","Magisterial District",NA,NA
335,211,"ZAF","South Africa",10,"Western Cape",335,"Mossel","Magisterial District","Magisterial District",NA,NA
336,211,"ZAF","South Africa",10,"Western Cape",336,"Murraysburg","Magisterial District","Magisterial District",NA,NA
337,211,"ZAF","South Africa",10,"Western Cape",337,"Oudtshoorn","Magisterial District","Magisterial District",NA,NA
338,211,"ZAF","South Africa",10,"Western Cape",338,"Paarl","Magisterial District","Magisterial District",NA,NA
339,211,"ZAF","South Africa",10,"Western Cape",339,"Piketberg","Magisterial District","Magisterial District",NA,NA
340,211,"ZAF","South Africa",10,"Western Cape",340,"Prince Albert","Magisterial District","Magisterial District",NA,NA
341,211,"ZAF","South Africa",10,"Western Cape",341,"Riversdal","Magisterial District","Magisterial District",NA,NA
342,211,"ZAF","South Africa",10,"Western Cape",342,"Robertson","Magisterial District","Magisterial District",NA,NA
343,211,"ZAF","South Africa",10,"Western Cape",343,"Simon Town","Magisterial District","Magisterial District",NA,NA
344,211,"ZAF","South Africa",10,"Western Cape",344,"Somerset West","Magisterial District","Magisterial District",NA,NA
345,211,"ZAF","South Africa",10,"Western Cape",345,"Stellenbosch","Magisterial District","Magisterial District",NA,NA
346,211,"ZAF","South Africa",10,"Western Cape",346,"Strand","Magisterial District","Magisterial District",NA,NA
347,211,"ZAF","South Africa",10,"Western Cape",347,"Swellendam","Magisterial District","Magisterial District",NA,NA
348,211,"ZAF","South Africa",10,"Western Cape",348,"Tulbagh","Magisterial District","Magisterial District",NA,NA
349,211,"ZAF","South Africa",10,"Western Cape",349,"Uniondale","Magisterial District","Magisterial District",NA,NA
350,211,"ZAF","South Africa",10,"Western Cape",350,"Van Rhynsdorp","Magisterial District","Magisterial District",NA,NA
351,211,"ZAF","South Africa",10,"Western Cape",351,"Vredenburg","Magisterial District","Magisterial District",NA,NA
352,211,"ZAF","South Africa",10,"Western Cape",352,"Vredendal","Magisterial District","Magisterial District",NA,NA
353,211,"ZAF","South Africa",10,"Western Cape",353,"Wellington","Magisterial District","Magisterial District",NA,NA
354,211,"ZAF","South Africa",10,"Western Cape",354,"Worcester","Magisterial District","Magisterial District",NA,NA
355,211,"ZAF","South Africa",10,"Western Cape",355,"Wynberg","Magisterial District","Magisterial District",NA,NA
