<?xml version="1.0" encoding="UTF-8" standalone="no"?>
<metadata><idinfo><citation><citeinfo><origin>South African National Biodiversity Institute</origin><pubdate>2006</pubdate><title Sync="TRUE">vegm2006_biomes_withforests</title><edition>1</edition><geoform Sync="TRUE">vector digital data</geoform><othercit>Rutherford, M.C., Mucina, L., Powrie, L.W.. 2006. Biomes and Bioregions of Southern Africa. In Mucina, L. &amp; Rutherford, M.C. (eds)  2006.  The vegetation of South Africa, Lesotho and Swaziland.  Strelitzia 19:30-51.  South African National Biodiversity Institute, Pretoria.</othercit><onlink>Data\vegm2006_biomes_withforests.shp</onlink><lworkcit><citeinfo></citeinfo></lworkcit><ftname Sync="TRUE">vegm2006_biomes_withforests</ftname></citeinfo></citation><descript><abstract>Map of the Biomes of South Africa, Lesotho and Swaziland.</abstract><purpose>To provide a new Biomes coverage that groups the vegetation types at the highest level. This represents the simplification of the biome level groupings of vegetation types.</purpose><langdata Sync="TRUE">en</langdata></descript><timeperd><timeinfo><sngdate><caldate>2006</caldate></sngdate></timeinfo><current>2006</current></timeperd><status><progress>Complete</progress><update>As needed</update></status><spdom><bounding><westbc Sync="TRUE">16.456961</westbc><eastbc Sync="TRUE">32.891788</eastbc><northbc Sync="TRUE">-22.129168</northbc><southbc Sync="TRUE">-34.833397</southbc></bounding><lboundng><leftbc Sync="TRUE">16.456961</leftbc><rightbc Sync="TRUE">32.891788</rightbc><bottombc Sync="TRUE">-34.833397</bottombc><topbc Sync="TRUE">-22.129168</topbc></lboundng></spdom><keywords><theme><themekt>None</themekt><themekey>Biome</themekey></theme><place><placekey>South Africa</placekey><placekey>Lesotho</placekey><placekey>Swaziland</placekey></place></keywords><accconst>Copyright SANBI.</accconst><useconst>Copyright SANBI.</useconst><ptcontac><cntinfo><cntorgp><cntorg>South African National Biodiversity Institute</cntorg><cntper>Mr. L.W. Powrie</cntper></cntorgp><cntaddr><addrtype>mailing address</addrtype><address>Private Bag X7</address><city>Claremont</city><state>W. Cape</state><postal>7735</postal><country>South Africa</country></cntaddr><cntvoice>+27 21 799 8703</cntvoice><cntfax>+27 21 797 6903</cntfax><cntemail>powrie@sanbi.org</cntemail><cntinst></cntinst></cntinfo></ptcontac><browse><browsen>http://www.sanbi.org/vegmap/images/biomes.jpg</browsen><browsed>Visual impression of the biomes. (283 kb)</browsed><browset>JPEG</browset></browse><datacred>South African National Biodiversity Institute.</datacred><native Sync="TRUE">Microsoft Windows XP Version 5.1 (Build 2600) Service Pack 2; ESRI ArcCatalog 9.1.0.722</native><crossref><citeinfo><origin>South African National Biodiversity Institute, Pretoria.</origin><pubdate>2006</pubdate><title>The Vegetation of South Africa, Lesotho and Swaziland. Strelitzia 19.</title><serinfo><sername>Strelitzia</sername><issue>19</issue></serinfo><pubinfo><pubplace>Pretoria</pubplace><publish>South African National Biodiversity Institute</publish></pubinfo><othercit>Rutherford, M.C., Mucina, L., Powrie, L.W.. 2006. Biomes and Bioregions of Southern Africa. In Mucina, L. &amp; Rutherford, M.C. (eds)  2006.  The vegetation of South Africa, Lesotho and Swaziland.  Strelitzia 19:30-51.  South African National Biodiversity Institute, Pretoria.</othercit></citeinfo></crossref><natvform Sync="TRUE">Shapefile</natvform></idinfo><dataqual><attracc><attraccr>Peer review was obtained where possible from various experts in different parts of the country.</attraccr></attracc><logic>Topologically clean.</logic><complete>Subject to revision.</complete><posacc><horizpa><horizpar></horizpar></horizpa></posacc><lineage><srcinfo><srcscale></srcscale><typesrc>electronic.</typesrc></srcinfo><procstep></procstep><procstep><procdesc Sync="TRUE">Metadata imported.</procdesc><srcused Sync="TRUE">C:\WINDOWS\TEMP\xmlDB.tmp</srcused><date Sync="TRUE">20061201</date><time Sync="TRUE">14482100</time></procstep></lineage></dataqual><spdoinfo><direct Sync="TRUE">Vector</direct><ptvctinf><sdtsterm Name="vegm2006_biomes_withforests"><sdtstype Sync="TRUE">G-polygon</sdtstype><ptvctcnt Sync="TRUE">287</ptvctcnt></sdtsterm><esriterm Name="vegm2006_biomes_withforests"><efeatyp Sync="TRUE">Simple</efeatyp><efeageom Sync="TRUE">Polygon</efeageom><esritopo Sync="TRUE">FALSE</esritopo><efeacnt Sync="TRUE">287</efeacnt><spindex Sync="TRUE">TRUE</spindex><linrefer Sync="TRUE">FALSE</linrefer></esriterm></ptvctinf></spdoinfo><spref><horizsys><geodetic><horizdn Sync="TRUE">D_Hartebeesthoek_1994</horizdn><ellips Sync="TRUE">WGS_1984</ellips><semiaxis Sync="TRUE">6378137.000000</semiaxis><denflat Sync="TRUE">298.257224</denflat></geodetic><cordsysn><geogcsn Sync="TRUE">GCS_Hartebeesthoek_1994</geogcsn></cordsysn><geograph><geogunit Sync="TRUE">Decimal degrees</geogunit><latres Sync="TRUE">0.000000</latres><longres Sync="TRUE">0.000000</longres></geograph></horizsys></spref><eainfo><detailed Name="vegm2006_biomes_withforests"><attr><attrlabl>Shape</attrlabl><attrdef>Feature geometry.</attrdef><attrdefs>ESRI</attrdefs><attrdomv><udom>Coordinates defining the features.</udom></attrdomv></attr><attr><attrlabl>SHAPE</attrlabl><attrdef>Feature geometry.</attrdef><attrdefs>ESRI</attrdefs><attrdomv><udom>Coordinates defining the features.</udom></attrdomv></attr><attr><attrlabl Sync="TRUE">FID</attrlabl><attalias Sync="TRUE">FID</attalias><attrtype Sync="TRUE">Number</attrtype><attwidth Sync="TRUE">3</attwidth><attrdef Sync="TRUE">Internal feature number.</attrdef><attrdefs Sync="TRUE">ESRI</attrdefs><attrdomv><udom Sync="TRUE">Sequential unique whole numbers that are automatically generated.</udom></attrdomv></attr><attr><attrlabl Sync="TRUE">BIOMEID</attrlabl><attalias Sync="TRUE">Unique ID for the Biome</attalias><attrtype Sync="TRUE">String</attrtype><attwidth Sync="TRUE">45</attwidth></attr><attr><attrlabl Sync="TRUE">BIOME</attrlabl><attalias Sync="TRUE">Name of the Biome</attalias><attrtype Sync="TRUE">String</attrtype><attwidth Sync="TRUE">35</attwidth></attr><enttyp><enttypl Sync="TRUE">vegm2006_biomes_withforests</enttypl><enttypd>Polygons</enttypd><enttypt Sync="TRUE">Feature Class</enttypt><enttypc Sync="TRUE">287</enttypc></enttyp><attr><attrlabl Sync="TRUE">BIOMENAME</attrlabl><attalias Sync="TRUE">Name of the Biome (for symbology)</attalias><attrtype Sync="TRUE">Number</attrtype><attwidth Sync="TRUE">16</attwidth><atnumdec Sync="TRUE">3</atnumdec></attr><attr><attrlabl Sync="TRUE">POLYSQKM</attrlabl><attalias Sync="TRUE">Area (sqkm) of the specific polygon</attalias><attrtype Sync="TRUE">String</attrtype><attwidth Sync="TRUE">3</attwidth></attr><attr><attrlabl Sync="TRUE">BIOMECODE</attrlabl><attalias Sync="TRUE">Code for the Biome</attalias><attrtype Sync="TRUE">Number</attrtype><attwidth Sync="TRUE">10</attwidth></attr><attr><attrlabl Sync="TRUE">POLYGONID</attrlabl><attalias Sync="TRUE">Unique ID for the polygon</attalias><attrtype Sync="TRUE">Number</attrtype><attwidth Sync="TRUE">16</attwidth><atnumdec Sync="TRUE">5</atnumdec></attr><attr><attrlabl Sync="TRUE">BIOMESQKM</attrlabl><attalias Sync="TRUE">Area (sqkm) of the full extent of the Biome</attalias><attrtype Sync="TRUE">Double</attrtype><attwidth Sync="TRUE">16</attwidth><atprecis Sync="TRUE">15</atprecis><attscale Sync="TRUE">5</attscale></attr></detailed></eainfo><distinfo><distrib><cntinfo><cntperp><cntper>Les Powrie</cntper><cntorg>South African National Biodiversity Institute</cntorg></cntperp><cntaddr><addrtype>mailing address</addrtype><address>Private Bag X7</address><city>Claremont</city><state>W. Cape</state><postal>7735</postal><country>South Africa</country></cntaddr><cntvoice>+27 21 799 8703</cntvoice><cntfax>+27 21 797 6903</cntfax><cntemail>powrie@sanbi.org</cntemail></cntinfo></distrib><resdesc>vegm2006_biomes_withforests.shp</resdesc><stdorder><digform><digtinfo><formname>SHP</formname><filedec>no compression applied</filedec><transize>54.441</transize><dssize Sync="TRUE">24.445</dssize></digtinfo><digtopt><onlinopt><computer><networka></networka></computer></onlinopt><offoptn><offmedia>CD-ROM</offmedia></offoptn></digtopt></digform><fees>Inserted into VEGMAP book</fees><ordering>Purchase the VEGMAP book</ordering></stdorder></distinfo><metainfo><metd Sync="TRUE">20061205</metd><metc><cntinfo><cntperp><cntper>Les Powrie</cntper><cntorg>South African National Biodiversity Institute</cntorg></cntperp><cntaddr><addrtype>mailing address</addrtype><address>Private Bag X7</address><city>Claremont</city><state>W. Cape</state><postal>7735</postal><country>South Africa</country></cntaddr><cntvoice>+27 21 799 8703</cntvoice><cntfax>+27 21 797 6903</cntfax><cntemail>powrie@sanbi.org</cntemail><cntorgp><cntper>REQUIRED: The person responsible for the metadata information.</cntper><cntorg>REQUIRED: The organization responsible for the metadata information.</cntorg></cntorgp></cntinfo></metc><metstdn Sync="TRUE">FGDC Content Standards for Digital Geospatial Metadata</metstdn><metstdv Sync="TRUE">FGDC-STD-001-1998</metstdv><mettc Sync="TRUE">local time</mettc><langmeta Sync="TRUE">en</langmeta><metextns><onlink Sync="TRUE">http://www.esri.com/metadata/esriprof80.html</onlink><metprof Sync="TRUE">ESRI Metadata Profile</metprof></metextns></metainfo><Esri><MetaID>{471A184F-9ED7-4E1A-A820-8B78E041178F}</MetaID><CreaDate>20061201</CreaDate><CreaTime>14482100</CreaTime><SyncOnce>FALSE</SyncOnce><SyncDate>20061205</SyncDate><SyncTime>17034700</SyncTime><ModDate>20061205</ModDate><ModTime>17034700</ModTime></Esri><dataIdInfo><envirDesc Sync="TRUE">Microsoft Windows XP Version 5.1 (Build 2600) Service Pack 2; ESRI ArcCatalog 9.1.0.722</envirDesc><dataLang><languageCode Sync="TRUE" value="en"></languageCode></dataLang><idCitation><resTitle Sync="TRUE">vegm2006_biomes_withforests</resTitle><presForm><PresFormCd Sync="TRUE" value="005"></PresFormCd></presForm></idCitation><spatRpType><SpatRepTypCd Sync="TRUE" value="001"></SpatRepTypCd></spatRpType><dataExt><geoEle><GeoBndBox esriExtentType="native"><westBL Sync="TRUE">16.456961</westBL><eastBL Sync="TRUE">32.891788</eastBL><northBL Sync="TRUE">-22.129168</northBL><southBL Sync="TRUE">-34.833397</southBL><exTypeCode Sync="TRUE">1</exTypeCode></GeoBndBox></geoEle></dataExt><geoBox esriExtentType="decdegrees"><westBL Sync="TRUE">16.456961</westBL><eastBL Sync="TRUE">32.891788</eastBL><northBL Sync="TRUE">-22.129168</northBL><southBL Sync="TRUE">-34.833397</southBL><exTypeCode Sync="TRUE">1</exTypeCode></geoBox></dataIdInfo><mdLang><languageCode Sync="TRUE" value="en"></languageCode></mdLang><mdStanName Sync="TRUE">ISO 19115 Geographic Information - Metadata</mdStanName><mdStanVer Sync="TRUE">DIS_ESRI1.0</mdStanVer><mdChar><CharSetCd Sync="TRUE" value="004"></CharSetCd></mdChar><mdHrLv><ScopeCd Sync="TRUE" value="005"></ScopeCd></mdHrLv><mdHrLvName Sync="TRUE">dataset</mdHrLvName><distInfo><distributor><distorTran><onLineSrc><orDesc Sync="TRUE">002</orDesc><linkage Sync="TRUE">file://\\POWRIE-DKS\E\VEGMAP_backups_and_photos\LastForChapter\18_Atlas\DigitalMapCD\Data\vegm2006_biomes_withforests.shp</linkage><protocol Sync="TRUE">Local Area Network</protocol></onLineSrc><transSize Sync="TRUE">24.445</transSize></distorTran><distorFormat><formatName Sync="TRUE">Shapefile</formatName></distorFormat></distributor></distInfo><refSysInfo><RefSystem><refSysID><identCode Sync="TRUE">GCS_Hartebeesthoek_1994</identCode></refSysID></RefSystem></refSysInfo><spatRepInfo><VectSpatRep><topLvl><TopoLevCd Sync="TRUE" value="001"></TopoLevCd></topLvl><geometObjs Name="vegm2006_biomes_withforests"><geoObjTyp><GeoObjTypCd Sync="TRUE" value="001"></GeoObjTypCd></geoObjTyp><geoObjCnt Sync="TRUE">287</geoObjCnt></geometObjs></VectSpatRep></spatRepInfo><mdDateSt Sync="TRUE">20061205</mdDateSt></metadata>