<?xml version="1.0" encoding="UTF-8" standalone="no"?>
<metadata><idinfo><citation><citeinfo><origin>South African National Biodiversity Institute</origin><pubdate>2006</pubdate><title Sync="TRUE">vegm2006 Biomes (zoomed out beyond 1 to 5 000 000).lyr</title><edition>1</edition><geoform>vector digital data</geoform><othercit>Rutherford, M.C., Mucina, L., Powrie, L.W.. 2006. Biomes and Bioregions of Southern Africa. In Mucina, L. &amp; Rutherford, M.C. (eds)  2006.  The vegetation of South Africa, Lesotho and Swaziland.  Strelitzia 19:30-51.  South African National Biodiversity Institute, Pretoria.</othercit><onlink>Data\vegm2006 Biomes (zoomed out beyond 1 to 5 000 000).lyr</onlink><lworkcit><citeinfo></citeinfo></lworkcit><ftname Sync="TRUE">vegm2006 Biomes (zoomed out beyond 1 to 5 000 000).lyr</ftname></citeinfo></citation><descript><abstract>Map of the Biomes of South Africa, Lesotho and Swaziland.</abstract><purpose>To provide a new Biomes coverage that groups the vegetation types at the highest level. This represents the simplification of the biome level groupings of vegetation types.</purpose><langdata Sync="TRUE">en</langdata></descript><timeperd><timeinfo><sngdate><caldate>2006</caldate></sngdate></timeinfo><current>2006</current></timeperd><status><progress>Complete</progress><update>As needed</update></status><spdom><bounding><westbc>16.456961</westbc><eastbc>32.891788</eastbc><northbc>-22.129168</northbc><southbc>-34.833397</southbc></bounding></spdom><keywords><theme><themekt>None</themekt><themekey>Biome</themekey></theme><place><placekey>South Africa</placekey><placekey>Lesotho</placekey><placekey>Swaziland</placekey></place></keywords><accconst>Copyright SANBI.</accconst><useconst>Copyright SANBI.</useconst><ptcontac><cntinfo><cntorgp><cntorg>South African National Biodiversity Institute</cntorg><cntper>Mr. L.W. Powrie</cntper></cntorgp><cntaddr><addrtype>mailing address</addrtype><address>Private Bag X7</address><city>Claremont</city><state>W. Cape</state><postal>7735</postal><country>South Africa</country></cntaddr><cntvoice>+27 21 799 8703</cntvoice><cntfax>+27 21 797 6903</cntfax><cntemail>powrie@sanbi.org</cntemail><cntinst></cntinst></cntinfo></ptcontac><browse><browsen>http://www.sanbi.org/vegmap/images/biomes.jpg</browsen><browsed>Visual impression of the biomes. (283 kb)</browsed><browset>JPEG</browset></browse><datacred>South African National Biodiversity Institute.</datacred><native Sync="TRUE">Microsoft Windows XP Version 5.1 (Build 2600) Service Pack 2; ESRI ArcCatalog 9.1.0.722</native><crossref><citeinfo><origin>South African National Biodiversity Institute, Pretoria.</origin><pubdate>2006</pubdate><title>The Vegetation of South Africa, Lesotho and Swaziland. Strelitzia 19.</title><serinfo><sername>Strelitzia</sername><issue>19</issue></serinfo><pubinfo><pubplace>Pretoria</pubplace><publish>South African National Biodiversity Institute</publish></pubinfo><othercit>Rutherford, M.C., Mucina, L., Powrie, L.W.. 2006. Biomes and Bioregions of Southern Africa. In Mucina, L. &amp; Rutherford, M.C. (eds)  2006.  The vegetation of South Africa, Lesotho and Swaziland.  Strelitzia 19:30-51.  South African National Biodiversity Institute, Pretoria.</othercit></citeinfo></crossref><natvform Sync="TRUE">Layer</natvform></idinfo><dataqual><attracc><attraccr>Peer review was obtained where possible from various experts in different parts of the country.</attraccr></attracc><logic>Topologically clean.</logic><complete>Subject to revision.</complete><posacc><horizpa><horizpar></horizpar></horizpa></posacc><lineage><srcinfo><srcscale></srcscale><typesrc>electronic.</typesrc></srcinfo><procstep></procstep><procstep><procdesc>Metadata imported.</procdesc><srcused>C:\WINDOWS\TEMP\xmlDB.tmp</srcused></procstep><procstep><procdesc Sync="TRUE">Metadata imported.</procdesc><srcused Sync="TRUE">C:\DOCUME~1\Powrie\LOCALS~1\Temp\xmlE9.tmp</srcused><date Sync="TRUE">20061205</date><time Sync="TRUE">16381900</time></procstep></lineage></dataqual><spdoinfo><direct>Vector</direct><ptvctinf><sdtsterm><sdtstype>G-polygon</sdtstype><ptvctcnt>287</ptvctcnt></sdtsterm></ptvctinf></spdoinfo><spref><horizsys><geograph><latres>0.000000</latres><longres>0.000000</longres><geogunit>Decimal degrees</geogunit></geograph><geodetic><horizdn>D_Hartebeesthoek_1994</horizdn><ellips>WGS_1984</ellips><semiaxis>6378137.000000</semiaxis><denflat>298.257224</denflat></geodetic></horizsys></spref><eainfo><detailed><enttyp><enttypl>vegm2006_biomes_withforests</enttypl><enttypd>Polygons</enttypd></enttyp><attr><attrlabl>Shape</attrlabl><attrdef>Feature geometry.</attrdef><attrdefs>ESRI</attrdefs><attrdomv><udom>Coordinates defining the features.</udom></attrdomv></attr><attr><attrlabl>SHAPE</attrlabl><attrdef>Feature geometry.</attrdef><attrdefs>ESRI</attrdefs><attrdomv><udom>Coordinates defining the features.</udom></attrdomv></attr><attr><attrlabl>FID</attrlabl><attrdef>Internal feature number.</attrdef><attrdefs>ESRI</attrdefs><attrdomv><udom>Sequential unique whole numbers that are automatically generated.</udom></attrdomv></attr><attr><attrlabl>BIOMEID</attrlabl></attr><attr><attrlabl>BIOME</attrlabl></attr><attr><attrlabl>BIOMENAME</attrlabl></attr><attr><attrlabl>POLYSQKM</attrlabl></attr><attr><attrlabl>BIOMECODE</attrlabl></attr><attr><attrlabl>POLYGONID</attrlabl></attr><attr><attrlabl>BIOMESQKM</attrlabl></attr></detailed></eainfo><distinfo><distrib><cntinfo><cntperp><cntper>Les Powrie</cntper><cntorg>South African National Biodiversity Institute</cntorg></cntperp><cntaddr><addrtype>mailing address</addrtype><address>Private Bag X7</address><city>Claremont</city><state>W. Cape</state><postal>7735</postal><country>South Africa</country></cntaddr><cntvoice>+27 21 799 8703</cntvoice><cntfax>+27 21 797 6903</cntfax><cntemail>powrie@sanbi.org</cntemail></cntinfo></distrib><resdesc>vegm2006_biomes_withforests.shp</resdesc><stdorder><digform><digtinfo><formname>SHP</formname><filedec>no compression applied</filedec><transize>54.441</transize></digtinfo><digtopt><onlinopt><computer><networka></networka></computer></onlinopt><offoptn><offmedia>CD-ROM</offmedia></offoptn></digtopt></digform><fees>Inserted into VEGMAP book</fees><ordering>Purchase the VEGMAP book</ordering></stdorder></distinfo><metainfo><metd Sync="TRUE">20061205</metd><metc><cntinfo><cntperp><cntper>Les Powrie</cntper><cntorg>South African National Biodiversity Institute</cntorg></cntperp><cntorgp><cntorg>REQUIRED: The organization responsible for the metadata information.</cntorg><cntper>REQUIRED: The person responsible for the metadata information.</cntper></cntorgp><cntaddr><addrtype>mailing address</addrtype><address>Private Bag X7</address><city>Claremont</city><state>W. Cape</state><postal>7735</postal><country>South Africa</country></cntaddr><cntvoice>+27 21 799 8703</cntvoice><cntfax>+27 21 797 6903</cntfax><cntemail>powrie@sanbi.org</cntemail></cntinfo></metc><metstdn Sync="TRUE">FGDC Content Standards for Digital Geospatial Metadata</metstdn><metstdv Sync="TRUE">FGDC-STD-001-1998</metstdv><mettc Sync="TRUE">local time</mettc><metextns><onlink>http://www.esri.com/metadata/esriprof80.html</onlink><metprof>ESRI Metadata Profile</metprof></metextns><langmeta Sync="TRUE">en</langmeta><metextns><onlink Sync="TRUE">http://www.esri.com/metadata/esriprof80.html</onlink><metprof Sync="TRUE">ESRI Metadata Profile</metprof></metextns></metainfo><Esri><MetaID>{DEB18C40-3613-4524-A256-7967046F536A}</MetaID><CreaDate>20061205</CreaDate><CreaTime>16381900</CreaTime><SyncOnce>FALSE</SyncOnce><SyncDate>20061205</SyncDate><SyncTime>17033400</SyncTime><ModDate>20061205</ModDate><ModTime>17033400</ModTime></Esri><dataIdInfo><envirDesc Sync="TRUE">Microsoft Windows XP Version 5.1 (Build 2600) Service Pack 2; ESRI ArcCatalog 9.1.0.722</envirDesc><dataLang><languageCode Sync="TRUE" value="en"></languageCode></dataLang><idCitation><resTitle Sync="TRUE">vegm2006 Biomes (zoomed out beyond 1 to 5 000 000).lyr</resTitle><presForm><PresFormCd Sync="TRUE" value="005"></PresFormCd></presForm></idCitation></dataIdInfo><mdLang><languageCode Sync="TRUE" value="en"></languageCode></mdLang><mdStanName Sync="TRUE">ISO 19115 Geographic Information - Metadata</mdStanName><mdStanVer Sync="TRUE">DIS_ESRI1.0</mdStanVer><mdChar><CharSetCd Sync="TRUE" value="004"></CharSetCd></mdChar><mdHrLv><ScopeCd Sync="TRUE" value="005"></ScopeCd></mdHrLv><mdHrLvName Sync="TRUE">dataset</mdHrLvName><distInfo><distributor><distorTran><onLineSrc><orDesc Sync="TRUE">009</orDesc></onLineSrc></distorTran><distorFormat><formatName Sync="TRUE">Layer</formatName></distorFormat></distributor></distInfo><mdDateSt Sync="TRUE">20061205</mdDateSt></metadata>